city,mean
 جدة,112881.875
 الرياض,94291.596875
 الخبر,79482.53073770492
 الدمام,63282.4384787472
